date,world_cpo_price_usd_per_t,indo_export_levy_usd_per_t,mys_export_levy_usd_per_t,usd_inr,freight_index,freight_usd_per_t,brent_usd,soy_spread_usd_per_t,sunflower_spread_usd_per_t,tariff_advalorem_pct,tariff_specific_inr_per_t,effective_tariff_rate_pct,cif_usd_per_t,cif_inr_per_t,landed_inr_per_t,refinery_margin_inr_per_t,wholesale_inr_per_t,retail_inr_per_t,ffb_farmgate_inr_per_t,domestic_supply_ton,consumption_ton,imports_ton
2012-01-01,800.69,41.51,32.25,50.17,87.99,12.6,53.04,85.27,60.01,8.21,1759.15,12.59,813.29,40806.0,45941.97,3044.56,44732.59,48452.02,21829.99,101244.0,554947.0,448885.0
2012-02-01,830.1,36.73,12.01,50.19,83.64,11.73,57.72,97.57,54.3,8.1,1952.43,12.78,841.83,42251.05,47651.84,2987.82,45421.92,48850.3,25029.82,107791.0,578134.0,497831.0
2012-03-01,843.48,34.73,17.72,50.4,88.16,12.63,67.94,84.69,46.62,7.37,1479.31,10.85,856.11,43149.2,47829.46,2965.78,46442.08,49853.07,25637.73,113478.0,547932.0,446666.0
2012-04-01,796.16,17.31,15.22,50.83,96.61,14.32,73.28,86.53,39.39,6.88,1936.49,11.66,810.49,41198.9,46004.73,3199.39,45165.36,48984.96,23170.91,114277.0,607851.0,500805.0
2012-05-01,815.89,40.78,14.42,50.82,107.31,16.46,69.23,91.3,40.35,4.18,2311.28,9.75,832.35,42303.02,46428.34,3232.51,46186.28,49887.14,24740.81,113976.0,591631.0,483186.0
2012-06-01,804.31,49.62,15.36,50.82,109.79,16.96,67.95,93.61,41.89,3.66,2019.86,8.6,821.26,41732.74,45320.79,3291.13,44461.41,47486.39,23550.7,110951.0,611912.0,506868.0
2012-07-01,756.0,43.17,5.09,51.26,107.24,16.45,62.49,89.3,52.93,2.53,2139.07,8.05,772.45,39595.71,42782.91,3475.36,45249.91,48098.14,23426.73,104176.0,574318.0,441226.0
2012-08-01,751.36,48.09,9.67,51.5,102.47,15.49,58.19,88.99,70.59,3.59,2144.82,9.13,766.86,39494.54,43102.02,3565.41,43104.96,46071.89,22340.41,99675.0,604928.0,501070.0
2012-09-01,750.91,47.11,8.61,51.43,104.63,15.93,48.55,82.58,72.2,4.92,1954.1,9.98,766.83,39441.7,43378.68,3537.76,42014.34,44050.73,21718.92,96159.0,564205.0,480724.0
2012-10-01,764.74,39.83,33.1,51.62,108.61,16.72,46.26,80.63,70.73,6.93,1718.33,11.28,781.46,40339.13,44888.93,3300.66,42190.63,44309.15,23669.84,99117.0,594571.0,494720.0
2012-11-01,778.84,47.72,29.22,51.55,103.39,15.68,46.13,79.67,72.94,8.47,1249.4,11.58,794.52,40960.9,45704.67,3115.06,44140.56,46826.26,24325.88,101255.0,566296.0,443963.0
2012-12-01,804.38,42.15,23.41,51.49,92.08,13.42,52.59,75.46,69.6,9.34,2047.83,14.28,817.8,42106.63,48121.09,2997.96,44939.3,48130.15,24797.12,103786.0,568110.0,463537.0
2013-01-01,800.66,38.66,20.36,51.6,86.51,12.3,57.07,76.09,62.11,10.79,2009.62,15.65,812.96,41947.58,48514.02,3054.54,46818.29,50580.57,24782.83,106016.0,529280.0,448826.0
2013-02-01,815.17,32.86,16.21,51.17,97.23,14.45,63.4,84.16,48.39,11.92,2761.51,18.54,829.61,42451.35,50321.68,3150.05,47824.39,52389.21,24354.82,111831.0,536575.0,443448.0
2013-03-01,811.77,39.35,11.39,50.79,99.93,14.99,63.58,85.17,43.96,10.23,2628.62,16.6,826.75,41989.72,48961.05,3041.34,47382.37,51680.32,25265.95,116961.0,577133.0,459243.0
2013-04-01,818.06,38.82,12.49,50.7,94.09,13.82,74.14,93.92,47.04,9.37,2397.64,15.15,831.87,42174.59,48562.59,2925.6,46079.32,49741.58,25001.56,120973.0,560566.0,453865.0
2013-05-01,805.09,43.65,18.39,50.5,99.44,14.89,69.18,97.86,40.37,7.49,2001.59,12.41,819.98,41404.68,46542.49,3196.46,44866.87,48376.37,23242.2,122216.0,599520.0,471806.0
2013-06-01,767.95,37.33,17.6,50.62,97.92,14.58,71.23,100.44,45.11,6.94,2418.54,13.16,782.53,39614.51,44829.45,2871.04,43797.53,46548.17,24793.17,117614.0,571327.0,428155.0
2013-07-01,725.81,39.42,24.31,50.45,98.55,14.71,66.32,90.68,43.42,4.6,2057.38,10.22,740.52,37356.49,41173.32,3035.82,42622.78,45605.32,22677.85,111584.0,616724.0,491273.0
2013-08-01,700.25,32.51,21.39,50.14,97.87,14.57,58.55,89.39,48.15,3.88,2499.68,11.0,714.83,35844.06,39785.28,3224.58,40304.77,42923.58,22035.87,108896.0,578119.0,492666.0
2013-09-01,699.08,42.24,20.98,50.56,94.09,13.82,51.73,76.88,48.4,4.62,2130.33,10.64,712.9,36044.07,39880.93,3031.45,38403.96,41217.44,21264.69,104042.0,611328.0,503176.0
2013-10-01,704.64,42.85,29.86,50.55,95.83,14.17,46.38,69.8,56.37,5.84,2120.95,11.79,718.8,36337.98,40622.25,2879.26,39420.65,41742.47,22081.42,104508.0,602283.0,494124.0
2013-11-01,757.69,44.35,29.19,50.62,92.77,13.55,46.67,71.61,52.35,5.89,1603.67,10.07,771.24,39040.5,42972.35,2852.14,40821.89,44010.33,22578.9,103633.0,561951.0,453820.0
2013-12-01,802.77,45.9,22.48,50.31,87.86,12.57,48.02,76.59,54.68,8.12,2504.81,14.32,815.34,41023.27,46899.27,3135.13,42767.54,46744.61,24370.35,108441.0,576919.0,497040.0
2014-01-01,751.27,35.45,20.39,50.23,90.4,13.08,56.46,73.12,51.97,5.28,2224.2,11.17,764.35,38391.7,42680.39,3155.17,42760.39,46130.23,22515.74,114476.0,575058.0,484971.0
2014-02-01,734.62,43.54,23.48,50.31,96.1,14.22,55.82,71.53,45.75,5.62,1996.56,11.02,748.84,37671.2,41821.76,2857.41,40926.27,44618.61,22785.06,118276.0,570673.0,485678.0
2014-03-01,753.74,58.58,33.7,50.07,89.91,12.98,61.23,81.01,27.19,5.24,2241.54,11.18,766.72,38388.26,42681.1,2939.52,40612.16,44487.84,23178.18,121020.0,570927.0,447521.0
2014-04-01,739.83,38.04,26.6,50.21,94.45,13.89,62.59,80.33,27.89,4.46,1853.36,9.45,753.72,37845.88,41422.77,3305.18,41385.2,44698.41,22403.24,123175.0,560370.0,441630.0
2014-05-01,731.9,24.99,22.5,50.11,95.21,14.04,66.87,87.93,34.74,1.52,2156.96,7.41,745.94,37380.35,40148.43,3509.11,40650.99,44092.33,23248.18,117943.0,615546.0,474854.0
2014-06-01,721.55,18.95,27.51,50.09,99.91,14.98,59.49,86.46,44.59,1.86,1727.11,6.64,736.53,36892.03,39339.89,3578.03,40437.07,43560.85,21418.22,112192.0,581870.0,491832.0
2014-07-01,758.48,34.1,19.19,49.99,96.64,14.33,55.71,82.56,45.28,0.0,2027.13,5.35,772.81,38631.43,40696.85,3396.04,40541.75,43509.55,23216.54,111798.0,613233.0,483919.0
2014-08-01,712.01,37.49,17.76,50.5,99.08,14.82,52.27,77.84,54.33,0.0,1700.33,4.73,726.83,36706.08,38441.79,2968.73,37321.49,39604.63,20800.93,105470.0,614278.0,512059.0
2014-09-01,702.5,47.12,23.95,50.55,98.32,14.66,43.59,77.8,57.9,0.0,1299.04,3.66,717.16,36251.31,37577.47,3109.38,36624.49,39235.48,20056.93,106402.0,625777.0,502916.0
2014-10-01,762.96,50.05,25.85,50.33,94.5,13.9,44.03,73.76,59.59,1.88,1471.39,5.71,776.86,39102.12,41334.84,3091.57,39524.01,42511.69,22541.81,105006.0,585360.0,471522.0
2014-11-01,787.27,47.72,24.06,50.59,86.91,12.38,43.95,79.4,68.57,2.81,1296.52,6.07,799.65,40453.67,42908.22,3159.67,41279.56,44949.91,22107.08,107531.0,570473.0,450383.0
2014-12-01,821.17,46.9,26.46,50.33,84.73,11.95,48.92,78.01,59.56,5.63,1814.24,10.02,833.11,41934.07,46134.9,3491.95,43611.72,47335.82,22158.02,109443.0,582280.0,463719.0
2015-01-01,817.53,42.78,6.91,50.44,80.7,11.14,55.7,80.98,54.24,7.52,1913.62,12.16,828.67,41795.36,46878.34,3444.64,47950.04,52684.38,24677.37,115083.0,561981.0,438811.0
2015-02-01,793.03,48.62,18.27,50.0,78.39,10.68,57.69,82.29,53.78,6.46,2109.65,11.78,803.71,40182.52,44917.71,3453.79,44733.68,48026.76,24245.24,121816.0,581357.0,451317.0
2015-03-01,804.02,36.13,13.2,49.71,86.85,12.37,60.53,89.75,44.4,3.9,2082.21,9.11,816.39,40586.38,44285.12,3514.65,44664.4,48833.78,23865.44,121696.0,591102.0,481906.0
2015-04-01,799.43,34.3,5.91,49.81,88.04,12.61,64.03,90.94,42.5,2.5,1934.95,7.35,812.04,40450.73,43425.61,3387.04,43846.38,47571.62,24724.13,123387.0,563970.0,424010.0
2015-05-01,760.73,38.53,13.21,50.05,101.48,15.3,68.07,85.01,45.93,2.75,1975.91,7.94,776.03,38838.93,41921.55,3237.9,42249.25,46745.36,21369.81,122872.0,619255.0,499692.0
2015-06-01,734.63,53.53,20.13,50.14,108.75,16.75,69.48,92.45,52.12,0.69,2303.7,6.95,751.38,37674.96,40292.99,3143.55,40052.83,42750.8,24318.23,124290.0,632807.0,526787.0
2015-07-01,704.72,42.0,17.41,50.16,99.29,14.86,63.61,83.4,52.39,0.0,2096.91,5.93,719.58,36095.51,38236.63,3382.7,39548.68,42013.02,22436.15,120240.0,600875.0,472937.0
2015-08-01,665.42,32.57,11.99,50.14,102.19,15.44,56.92,76.8,62.63,0.0,1819.84,5.45,680.86,34136.3,35998.36,3440.13,36494.22,38838.24,20220.45,112959.0,622249.0,498521.0
2015-09-01,661.49,31.03,15.35,49.82,95.17,14.03,49.84,74.57,77.73,0.0,1618.95,4.91,675.52,33652.76,35306.06,3259.97,35562.32,37067.24,19742.24,108135.0,624705.0,513113.0
2015-10-01,682.56,42.37,16.89,49.69,93.99,13.8,44.94,81.0,69.04,0.73,1742.96,5.87,696.36,34600.31,36630.58,3464.94,35817.36,38176.99,20188.67,108121.0,609262.0,518837.0
2015-11-01,707.79,39.54,26.57,49.62,92.01,13.4,43.53,78.3,73.97,3.23,1646.56,7.92,721.19,35786.97,38622.33,3391.02,37366.62,39794.89,20951.78,107530.0,605922.0,501303.0
2015-12-01,724.13,50.32,28.43,49.94,80.34,11.07,45.12,83.39,68.9,5.43,2387.47,12.03,735.2,36713.03,41131.28,3049.39,40594.04,43793.0,22943.02,115738.0,611637.0,487932.0
2016-01-01,762.96,31.21,26.22,50.07,81.92,11.38,55.58,86.36,57.13,1.41,1840.16,6.23,774.34,38772.98,41187.89,3245.82,38358.41,41755.42,21580.4,118583.0,614433.0,503109.0
2016-02-01,813.91,43.76,30.4,49.68,84.74,11.95,59.0,82.14,62.5,1.76,1595.6,5.71,825.86,41029.8,43372.05,3262.12,41725.69,46194.16,22601.5,122773.0,558638.0,419331.0
2016-03-01,834.68,50.53,25.01,49.81,94.97,13.99,63.23,90.62,58.58,0.55,1706.03,4.65,848.68,42274.77,44241.3,3019.78,40984.96,45009.42,22449.38,126530.0,610460.0,494150.0
2016-04-01,797.19,34.97,17.45,49.77,93.37,13.67,68.45,96.47,45.9,0.0,2048.02,5.16,810.87,40353.95,42437.1,3254.13,41496.27,44727.04,22887.31,129246.0,634889.0,511773.0
2016-05-01,805.76,38.21,21.97,49.65,103.05,15.61,66.95,91.99,48.09,0.0,1943.58,4.86,821.38,40778.89,42760.12,3236.05,42565.53,45531.78,23877.82,130032.0,620261.0,485612.0
2016-06-01,770.37,48.65,24.68,49.85,100.77,15.15,64.81,87.25,56.72,0.0,1684.42,4.39,785.53,39158.45,40876.0,3192.56,40944.12,44327.85,21888.5,125392.0,641250.0,503278.0
2016-07-01,766.91,45.89,21.52,50.16,102.03,15.41,61.57,74.07,61.82,0.0,1600.14,4.16,782.31,39239.16,40871.44,3356.71,39446.78,41667.3,21463.79,125647.0,667257.0,528309.0
2016-08-01,718.53,51.53,16.21,50.44,98.55,14.71,59.24,63.24,72.87,0.0,1694.83,4.68,733.24,36985.08,38714.6,2888.97,38221.56,41835.14,21623.55,116624.0,640524.0,531922.0
2016-09-01,746.14,65.92,19.1,50.28,105.38,16.08,50.37,61.15,76.35,0.0,2139.42,5.7,762.21,38324.55,40510.07,2789.39,39300.14,42568.86,21964.86,113039.0,613588.0,518984.0
2016-10-01,743.37,57.74,4.5,50.25,103.81,15.76,51.28,65.99,81.36,0.0,1776.32,4.76,759.13,38148.77,39962.75,2862.85,38510.14,40982.45,21074.07,110838.0,626457.0,506059.0
2016-11-01,730.67,48.4,14.84,50.39,110.82,17.16,48.89,66.19,86.07,1.12,1860.76,6.18,747.84,37680.81,40008.93,3072.86,39120.86,41133.52,20750.98,111262.0,601510.0,497124.0
2016-12-01,746.24,38.87,19.85,50.68,106.66,16.33,50.85,72.85,72.6,1.68,1746.46,6.3,762.58,38647.48,41082.7,3001.3,39642.94,43405.59,21723.58,113969.0,589013.0,443739.0
2017-01-01,776.43,44.51,10.08,50.61,105.73,16.15,57.1,83.34,64.79,2.35,1970.62,7.37,792.57,40112.4,43067.33,2909.02,40252.61,43506.71,22138.73,121745.0,583956.0,453442.0
2017-02-01,804.83,41.13,14.42,50.61,106.89,16.38,63.87,87.81,53.07,1.86,2104.45,7.02,821.21,41564.57,44483.53,2867.88,43756.01,48004.1,23020.54,127799.0,614745.0,486480.0
2017-03-01,785.07,39.25,10.86,50.39,102.64,15.53,71.66,93.5,48.17,2.39,1612.65,6.46,800.6,40340.2,42947.87,3045.33,42489.81,45317.08,23803.23,131067.0,584945.0,440233.0
2017-04-01,758.06,38.71,19.06,50.14,104.3,15.86,75.18,100.63,38.69,0.71,2522.38,7.35,773.92,38803.03,41653.46,3328.9,39736.64,42870.55,22621.54,132118.0,649878.0,503712.0
2017-05-01,757.9,44.42,7.23,50.39,113.76,17.75,75.81,89.87,39.12,0.54,2318.07,6.61,775.65,39086.39,41668.2,3068.24,41005.97,44353.86,23506.42,129682.0,630998.0,491299.0
2017-06-01,722.53,34.12,6.85,50.78,111.78,17.36,74.84,89.57,45.8,0.0,2006.24,5.47,739.88,37571.56,39625.99,2778.37,38867.33,41945.52,21666.87,128946.0,604587.0,480023.0
2017-07-01,708.9,24.23,16.37,50.81,112.34,17.47,67.57,73.77,60.7,0.0,1734.92,4.82,726.37,36908.54,38686.21,2954.3,39042.66,41684.12,22640.33,124064.0,638819.0,511945.0
2017-08-01,710.04,11.07,24.76,51.11,109.86,16.97,65.96,72.8,74.86,0.0,1789.61,4.93,727.02,37160.26,38992.65,3009.52,37654.74,40646.25,21361.42,116337.0,587033.0,437122.0
2017-09-01,668.88,32.23,9.91,51.25,109.1,16.82,58.03,70.81,70.2,0.0,1904.35,5.55,685.7,35144.91,37097.15,2950.99,37078.42,39156.96,20115.46,108593.0,638431.0,498027.0
2017-10-01,687.54,35.93,10.96,51.14,101.74,15.35,50.29,66.92,68.28,0.0,2130.72,6.06,702.88,35947.26,38125.55,3185.24,37660.0,40269.07,21367.06,109559.0,630299.0,511638.0
2017-11-01,745.9,49.64,16.54,51.28,96.46,14.29,55.22,63.79,72.17,0.31,2067.05,5.71,760.19,38984.86,41211.64,3349.42,39995.03,42955.01,23090.86,113799.0,584573.0,477640.0
2017-12-01,760.58,45.71,14.27,51.72,94.6,13.92,55.63,69.41,54.97,0.84,2178.71,6.38,774.51,40055.39,42611.32,3222.07,39651.05,42994.31,22247.56,117807.0,596648.0,437628.0
2018-01-01,765.06,37.49,26.11,51.76,93.59,13.72,55.33,74.04,48.45,4.04,1606.37,8.09,778.78,40308.44,43570.3,3176.84,41300.69,45015.03,22604.08,123572.0,629261.0,498193.0
2018-02-01,804.36,42.32,16.52,52.2,89.86,12.97,65.85,81.31,43.83,5.81,1577.47,9.57,817.33,42664.41,46747.35,3329.84,43526.26,46581.93,23152.91,133001.0,581984.0,441090.0
2018-03-01,822.28,40.78,20.04,51.59,98.23,14.65,69.28,81.54,48.48,4.49,1486.77,8.0,836.93,43181.13,46634.72,3275.34,44365.69,47316.92,23753.12,135548.0,577945.0,463223.0
2018-04-01,830.58,30.43,13.73,51.85,95.07,14.01,75.69,87.74,50.17,3.46,1792.76,7.63,844.59,43792.06,47131.74,3033.4,46369.45,50764.64,25815.57,133191.0,627499.0,488533.0
2018-05-01,800.54,27.18,24.67,51.92,94.54,13.91,73.84,81.9,48.66,2.84,2033.78,7.73,814.45,42287.96,45556.15,3177.17,45103.88,48799.71,24559.51,134211.0,649941.0,521475.0
2018-06-01,743.61,46.44,22.67,51.9,93.9,13.78,71.37,78.75,51.45,1.04,1577.06,5.13,757.39,39306.38,41323.05,3067.59,41061.1,43829.3,22265.63,127977.0,630217.0,504359.0
2018-07-01,724.18,46.7,19.37,51.97,103.71,15.74,62.38,73.66,57.76,0.0,1738.15,4.62,739.92,38453.76,40229.7,3240.94,41210.56,44928.51,23034.78,122657.0,644408.0,489792.0
2018-08-01,695.97,47.35,9.31,51.52,102.12,15.42,51.91,76.9,75.07,0.0,2086.71,5.82,711.4,36653.39,38786.35,3141.29,40867.02,43705.62,21798.44,118566.0,648971.0,541928.0
2018-09-01,711.19,42.2,23.68,51.52,95.78,14.16,44.79,65.19,75.72,0.0,2317.88,6.33,725.34,37368.35,39732.37,3119.37,39590.04,42867.39,20680.81,117964.0,601436.0,486703.0
2018-10-01,718.42,35.8,26.72,51.66,88.57,12.71,41.92,63.63,75.09,0.49,1824.32,5.41,731.13,37768.35,39809.83,3243.73,37886.16,40607.26,20274.26,116129.0,605975.0,497470.0
2018-11-01,700.94,44.61,28.56,52.08,90.1,13.02,43.91,72.79,75.17,2.6,2081.04,8.3,713.96,37180.94,40268.12,3196.49,38775.16,42662.66,20919.37,116469.0,626321.0,568746.0
2018-12-01,698.85,41.93,31.96,52.0,83.67,11.73,53.14,72.72,68.3,3.08,2142.03,8.97,710.59,36948.68,40264.78,3084.9,40294.9,44284.36,21684.51,120293.0,627709.0,476154.0
2019-01-01,750.29,35.09,29.27,51.85,79.06,10.81,53.53,72.21,59.38,5.4,1940.24,10.39,761.1,39459.44,43558.84,2983.61,40267.68,43455.25,22169.48,124423.0,610907.0,512354.0
2019-02-01,793.56,35.98,21.73,51.77,87.08,12.42,61.7,80.96,45.38,5.5,2559.03,11.73,805.98,41725.47,46618.34,3442.59,44211.63,48348.76,24473.04,128246.0,573198.0,440640.0
2019-03-01,782.08,30.34,16.24,52.05,85.82,12.16,64.72,84.38,41.96,4.54,1943.9,9.31,794.24,41339.22,45188.65,3634.8,44871.22,48937.47,24285.83,130576.0,638073.0,511806.0
2019-04-01,783.5,35.73,12.94,52.18,91.26,13.25,67.95,91.18,38.8,2.34,1888.74,6.96,796.75,41575.23,44469.4,3218.63,42634.7,46893.63,25229.8,134431.0,603560.0,468447.0
2019-05-01,789.48,46.47,23.98,52.1,97.85,14.57,64.92,84.88,49.67,1.2,2080.81,6.26,804.05,41889.98,44511.64,3066.28,43287.55,46253.03,24493.26,136270.0,616627.0,473993.0
2019-06-01,772.86,37.19,13.63,52.28,100.4,15.08,59.65,83.31,58.28,0.0,2113.34,5.23,787.94,41190.9,43345.47,3277.3,40239.84,43692.46,22595.63,134366.0,641965.0,499052.0
2019-07-01,775.2,49.74,12.6,52.35,103.16,15.63,54.55,82.15,63.9,0.0,2005.3,4.94,790.83,41400.95,43446.68,3152.2,41517.08,44999.39,22464.63,130675.0,659448.0,533716.0
2019-08-01,759.43,40.51,13.63,52.64,110.23,17.05,47.02,81.68,74.24,0.0,2415.71,6.04,776.48,40876.23,43346.17,3188.17,42154.9,44096.65,23297.82,127339.0,642244.0,492148.0
2019-09-01,743.99,41.53,17.53,52.52,103.73,15.75,43.31,70.49,75.67,0.0,2641.46,6.76,759.74,39899.83,42597.19,3347.14,40996.41,43134.67,22478.66,120573.0,627993.0,518679.0
2019-10-01,733.78,34.23,21.97,52.49,93.51,13.7,38.71,76.52,83.19,0.0,2594.53,6.74,747.48,39232.21,41875.19,3309.52,42687.36,44505.56,23454.77,118438.0,615266.0,490584.0
2019-11-01,769.58,34.76,13.69,52.44,82.28,11.46,42.38,71.4,78.69,0.0,2597.76,6.44,781.03,40955.53,43591.95,3223.49,40783.01,43575.71,24407.28,118731.0,603639.0,467958.0
2019-12-01,732.29,37.23,5.83,52.12,82.44,11.49,44.94,67.48,74.99,1.73,2282.4,7.71,743.77,38766.97,41754.04,3135.16,41007.88,44506.97,22750.73,120815.0,608630.0,481065.0
2020-01-01,757.93,34.86,11.47,52.25,82.8,11.56,49.74,69.96,57.5,3.66,1791.76,8.19,769.49,40202.55,43494.63,3161.38,41737.47,45866.84,23575.42,124502.0,545203.0,439559.0
2020-02-01,784.05,31.29,22.16,52.36,87.96,12.59,58.68,78.75,52.83,3.79,2552.22,10.01,796.64,41713.1,45888.94,3288.03,44803.58,48520.78,23654.75,126668.0,588514.0,453816.0
2020-03-01,759.17,29.35,25.84,52.41,90.1,13.02,65.36,82.68,37.11,2.98,1988.85,7.98,772.19,40472.48,43700.67,3663.94,42318.15,46748.37,23923.66,135445.0,614322.0,484254.0
2020-04-01,769.27,27.04,24.8,52.4,93.47,13.69,68.88,88.01,25.86,1.63,2663.21,8.24,782.96,41030.24,44410.39,3762.15,44368.03,47336.93,25184.55,136713.0,594047.0,446370.0
2020-05-01,737.63,19.67,20.98,52.1,95.83,14.17,69.92,89.75,31.78,1.23,2293.47,7.2,751.79,39168.34,41988.4,3565.69,42490.51,45050.89,22776.56,137224.0,639605.0,513749.0
2020-06-01,745.37,25.7,22.35,52.04,98.61,14.72,68.23,87.35,36.44,0.0,2216.28,5.71,760.09,39558.65,41818.7,3665.71,40766.85,43869.75,23805.45,134036.0,634865.0,511112.0
2020-07-01,725.31,34.63,19.95,52.01,102.98,15.6,67.84,80.37,49.74,0.0,2057.39,5.45,740.9,38533.69,40635.32,3554.22,41238.62,44374.0,22629.2,129491.0,670125.0,568363.0
2020-08-01,730.61,44.04,24.87,51.86,101.51,15.3,64.91,84.33,73.79,0.0,2316.13,6.11,745.91,38681.72,41046.36,3170.78,40253.01,42998.19,22367.79,124196.0,665015.0,538186.0
2020-09-01,753.97,47.6,18.16,51.87,100.71,15.14,60.51,66.79,72.4,0.0,2005.64,5.13,769.12,39892.73,41938.65,3202.14,40197.45,41869.65,23144.77,120330.0,619407.0,509107.0
2020-10-01,775.81,64.22,19.7,52.02,107.2,16.44,58.7,58.14,70.84,0.0,2555.78,6.33,792.25,41212.12,43822.06,3428.07,42050.48,44823.77,24191.96,114944.0,606164.0,492691.0
2020-11-01,761.99,57.08,19.15,52.54,103.44,15.69,54.99,60.51,71.31,0.0,2438.4,6.09,777.67,40859.61,43348.21,3249.52,41877.14,44190.6,22730.53,119600.0,603410.0,503248.0
2020-12-01,737.84,46.6,22.75,52.63,90.4,13.08,57.36,61.14,69.28,3.49,2271.59,9.34,750.92,39524.45,43216.65,3435.76,42343.75,45872.34,21980.05,120804.0,588108.0,456521.0
2021-01-01,820.44,58.93,23.0,52.75,98.8,14.76,56.18,57.52,60.19,4.34,1964.77,8.88,835.2,44055.91,47966.11,3321.97,45192.47,48909.43,24132.59,126754.0,594326.0,478747.0
2021-02-01,830.11,42.98,37.1,52.78,99.57,14.91,65.11,65.29,51.4,3.37,2066.55,8.09,845.02,44600.35,48206.56,3307.31,47414.61,50751.88,25311.99,130272.0,576766.0,443573.0
2021-03-01,818.92,49.54,39.25,52.35,95.84,14.17,69.87,71.12,50.45,2.51,2032.3,7.25,833.09,43612.53,46773.03,3103.14,44293.5,47751.25,24879.61,138008.0,587914.0,448943.0
2021-04-01,816.79,38.08,40.53,52.39,104.42,15.88,73.59,65.48,50.53,1.92,2586.15,7.97,832.68,43627.15,47102.53,3629.93,47726.62,51019.4,25369.78,140234.0,622321.0,483464.0
2021-05-01,792.74,41.68,20.08,52.46,107.18,16.44,76.24,75.79,44.68,1.14,2573.91,7.33,809.18,42448.84,45561.8,3627.0,43808.13,47248.16,24344.58,138844.0,641370.0,506309.0
2021-06-01,782.49,25.26,18.01,53.12,106.08,16.22,74.24,82.48,50.39,0.0,1818.96,4.38,798.71,42431.33,44287.98,3738.29,44117.32,47859.58,23511.44,136536.0,613495.0,475216.0
2021-07-01,759.72,38.35,15.15,53.13,104.24,15.85,69.26,84.41,58.74,0.0,2368.21,5.87,775.57,41203.6,43621.2,3494.94,43783.47,46323.03,24082.7,133866.0,650536.0,519890.0
2021-08-01,737.96,37.74,20.29,53.25,99.33,14.87,67.41,75.55,60.29,0.0,1472.15,3.75,752.83,40089.59,41591.39,3127.86,41801.55,44863.62,23301.13,127168.0,618621.0,515125.0
2021-09-01,705.83,30.91,6.5,53.29,98.92,14.78,62.01,72.46,69.5,0.0,2198.33,5.84,720.62,38404.19,40648.56,3448.28,40191.27,42631.88,22528.36,120984.0,635336.0,529133.0
2021-10-01,736.11,47.97,18.95,53.05,101.79,15.36,54.9,65.18,67.41,0.0,1533.37,3.93,751.47,39866.53,41431.89,3234.44,40351.19,42719.35,23190.08,116382.0,637267.0,533922.0
2021-11-01,727.2,50.91,25.77,53.39,95.63,14.13,54.53,69.0,73.51,2.3,1766.92,6.85,741.32,39576.83,42288.81,3559.55,40908.94,43787.24,22858.95,119520.0,609841.0,483489.0
2021-12-01,768.03,46.91,15.65,53.62,94.91,13.98,50.3,69.99,69.02,3.21,2127.16,8.38,782.02,41935.61,45448.87,3409.43,42424.59,45103.96,22793.18,122546.0,612952.0,477067.0
2022-01-01,830.89,38.18,11.52,53.87,102.67,15.53,59.03,78.54,61.6,3.78,2061.26,8.38,846.42,45599.1,49421.73,3658.47,46837.64,50168.51,24725.52,129269.0,580452.0,465513.0
2022-02-01,801.3,38.56,10.1,53.7,94.47,13.89,63.11,82.26,50.07,5.12,1701.21,9.08,815.19,43771.83,47744.71,3393.53,46617.63,49787.12,23716.48,134278.0,594999.0,473861.0
2022-03-01,749.79,37.83,14.32,54.1,98.26,14.65,67.94,91.91,44.6,3.41,2220.59,8.89,764.44,41353.27,45029.02,3021.8,43861.1,48536.51,24812.49,140049.0,608164.0,490205.0
2022-04-01,773.4,44.49,20.44,53.8,100.05,15.01,78.08,96.41,31.33,2.61,1576.42,6.4,788.41,42412.87,45127.65,3303.05,45048.19,48757.88,25390.66,141035.0,606186.0,456091.0
2022-05-01,828.67,49.08,32.55,53.99,98.74,14.75,84.93,99.34,30.65,1.25,1350.15,4.27,843.42,45537.92,47483.02,3354.8,45665.71,48870.8,25227.71,137047.0,624300.0,483810.0
2022-06-01,769.28,40.11,26.35,54.59,98.12,14.62,82.45,84.45,43.23,0.46,2090.25,5.44,783.9,42793.14,45119.83,3402.76,45371.69,48793.55,24175.94,139631.0,599936.0,435713.0
2022-07-01,713.63,35.67,28.41,54.39,101.76,15.35,79.28,70.52,40.74,0.0,1785.64,4.6,728.98,39651.08,41475.13,3608.83,42909.69,45855.37,22612.86,131258.0,628824.0,491680.0
2022-08-01,714.87,33.14,25.98,54.3,104.73,15.95,76.12,70.39,59.09,0.0,1966.82,5.07,730.82,39684.0,41694.69,3337.94,40723.79,43389.58,23905.15,124547.0,635275.0,525676.0
2022-09-01,685.0,25.09,34.15,54.38,99.8,14.96,74.56,65.22,56.63,0.0,2226.37,5.98,699.96,38060.94,40335.93,3086.61,39837.7,42839.91,21493.95,121114.0,628756.0,500645.0
2022-10-01,682.83,26.32,32.94,54.3,97.33,14.47,68.55,67.71,68.09,0.0,2081.24,5.61,697.3,37863.17,39988.5,2962.7,39813.93,42940.45,22521.66,118470.0,619535.0,510673.0
2022-11-01,701.08,31.05,35.98,53.96,97.74,14.55,65.89,71.23,63.08,1.35,2123.57,6.96,715.63,38617.01,41304.84,2760.25,40077.78,42715.25,22366.01,119054.0,617337.0,495425.0
2022-12-01,745.83,40.16,23.12,54.03,95.78,14.16,69.32,75.82,65.24,2.17,2097.98,7.38,759.99,41061.47,44090.33,2618.25,41082.54,43937.94,23214.62,126016.0,621628.0,500473.0
2023-01-01,769.06,50.66,20.72,53.81,98.24,14.65,71.99,85.17,59.2,6.67,2113.23,11.78,783.71,42174.13,47141.4,2662.81,43564.08,46886.94,25247.94,132860.0,622513.0,472438.0
2023-02-01,794.16,39.93,15.55,53.98,99.74,14.95,77.55,91.4,42.72,7.15,2412.73,12.78,809.1,43677.12,49258.24,2754.88,46689.83,49310.81,24745.29,134717.0,591533.0,458094.0
2023-03-01,804.78,44.37,26.36,53.8,103.11,15.62,82.63,95.51,47.66,7.12,2486.63,12.87,820.4,44139.21,49819.01,2932.94,46566.45,49637.18,25457.61,138308.0,589010.0,405835.0
2023-04-01,783.59,39.06,27.76,54.24,114.11,17.82,81.12,90.32,54.1,6.78,2340.36,12.29,801.41,43468.31,48811.06,2897.37,47411.27,51901.75,25996.5,137336.0,594881.0,454741.0
2023-05-01,770.23,56.04,22.83,54.09,116.99,18.4,78.64,97.51,52.99,5.0,2445.42,10.87,788.63,42659.92,47297.02,3066.21,46132.92,50531.39,25491.11,137742.0,617175.0,454976.0
2023-06-01,723.85,49.23,18.98,54.06,116.67,18.33,68.51,91.83,55.04,4.09,2060.18,9.35,742.19,40125.17,43878.23,3335.8,44282.59,47429.38,24333.94,134954.0,632750.0,515886.0
2023-07-01,709.35,49.56,22.3,54.32,118.37,18.67,64.08,90.31,60.82,3.54,1800.79,8.21,728.03,39544.11,42790.34,3257.77,43587.4,46901.24,23482.12,132103.0,624044.0,503602.0
2023-08-01,660.38,38.25,17.17,54.06,109.59,16.92,63.19,83.86,62.22,2.6,1599.89,7.08,677.3,36614.28,39205.46,3345.48,41186.16,44132.55,22709.43,127947.0,616741.0,495795.0
2023-09-01,630.93,32.46,12.72,54.17,104.18,15.84,54.55,83.89,75.89,1.97,2035.18,7.93,646.76,35032.47,37810.26,3139.53,38855.76,43060.87,23153.09,123603.0,628311.0,527523.0
2023-10-01,690.02,37.09,18.52,54.54,104.09,15.82,54.63,79.55,73.77,3.98,2505.01,10.63,705.84,38498.38,42592.67,3214.3,41188.04,44538.65,22299.74,122178.0,626582.0,490170.0
2023-11-01,713.86,35.18,33.89,54.19,102.02,15.4,55.96,79.11,71.82,5.51,2278.01,11.4,729.26,39519.2,44022.99,3318.93,42056.41,44964.43,23141.9,123716.0,626796.0,529291.0
2023-12-01,744.46,39.94,26.86,54.29,105.02,16.0,56.54,81.13,61.92,5.11,1545.42,8.94,760.46,41283.28,44972.53,3163.63,43194.24,45944.24,24599.51,129542.0,598266.0,482707.0
2024-01-01,778.15,27.47,20.78,54.4,100.42,15.08,59.66,80.75,52.34,5.97,1620.1,9.8,793.24,43153.53,47383.44,2889.95,44095.36,46776.43,25111.93,131729.0,601287.0,466010.0
2024-02-01,786.03,37.78,13.44,54.65,91.65,13.33,64.44,82.66,39.47,7.14,1950.45,11.68,799.37,43683.22,48786.02,3006.01,46286.61,50140.66,25457.98,135617.0,587619.0,469037.0
2024-03-01,793.1,31.47,8.05,54.39,104.74,15.95,66.41,86.29,45.43,5.98,2064.33,10.77,809.05,44002.6,48741.97,3123.3,46534.1,49982.63,25819.02,140215.0,615592.0,458783.0
2024-04-01,812.43,48.66,15.98,54.11,111.59,17.32,69.09,87.76,42.97,4.99,2060.28,9.67,829.75,44896.11,49239.26,3473.12,47542.1,50644.39,24285.76,140808.0,606797.0,453621.0
2024-05-01,799.24,42.89,22.69,54.29,106.82,16.36,70.24,82.18,51.38,2.72,2326.78,8.08,815.6,44277.82,47857.42,3321.54,47387.62,50696.77,25450.39,136844.0,642172.0,496199.0
2024-06-01,752.71,50.51,21.67,54.41,115.78,18.16,70.71,92.24,55.64,2.45,2441.38,8.42,770.87,41945.02,45475.0,3634.1,44959.33,47716.93,25360.69,136799.0,607490.0,462757.0
2024-07-01,746.41,35.15,23.0,54.53,114.36,17.87,69.22,80.16,58.03,1.97,1818.46,6.44,764.28,41672.82,44354.98,3015.16,45443.89,49378.0,25328.66,133670.0,628408.0,478890.0
2024-08-01,710.04,40.52,22.49,54.66,102.31,15.46,61.57,73.58,64.16,1.88,2039.64,7.14,725.5,39657.22,42487.07,3049.69,41591.58,44835.86,22612.31,125731.0,650540.0,543155.0
2024-09-01,674.94,33.21,22.33,54.54,98.66,14.73,58.89,82.58,67.29,3.49,1797.93,8.37,689.67,37615.85,40765.16,2998.64,39714.41,42401.85,21804.55,122965.0,647958.0,521110.0
2024-10-01,660.48,32.03,12.24,54.65,93.72,13.74,52.51,74.57,71.06,3.87,1968.81,9.32,674.23,36846.53,40282.17,2998.0,40741.55,44258.36,23328.08,119882.0,682071.0,567477.0
2024-11-01,682.12,35.41,12.6,54.77,99.56,14.91,50.55,78.37,67.98,4.99,2357.58,11.3,697.03,38178.46,42492.87,2943.26,41167.34,44146.88,24166.94,123832.0,628947.0,496560.0
2024-12-01,753.17,34.71,16.23,54.64,91.6,13.32,52.94,83.22,62.19,8.11,2728.2,14.74,766.49,41884.49,48057.88,3014.67,44378.21,47222.7,23891.46,126107.0,589307.0,435891.0
2025-01-01,750.35,38.94,13.04,55.16,89.7,12.94,56.37,84.72,48.01,7.52,2574.1,13.74,763.29,42103.86,47890.05,3409.74,46314.05,50659.74,25026.15,134601.0,599690.0,469140.0
2025-02-01,781.04,45.35,12.96,55.33,90.08,13.02,60.85,81.16,39.27,8.54,2135.36,13.48,794.06,43934.8,49857.16,3300.89,46847.04,50896.08,26613.83,136595.0,572493.0,407215.0
2025-03-01,740.28,48.43,10.86,55.08,92.01,13.4,66.58,78.2,47.67,6.87,1962.3,11.68,753.68,41513.98,46363.47,3513.29,45751.18,49020.11,26258.05,138137.0,621841.0,482674.0
2025-04-01,744.14,44.36,12.52,55.3,92.64,13.53,68.42,82.64,41.44,6.25,2141.07,11.45,757.67,41896.2,46695.4,3401.0,45518.44,49138.21,24773.14,141050.0,616120.0,454546.0
2025-05-01,758.41,31.71,20.63,55.1,99.94,14.99,67.83,85.61,38.19,6.54,1774.15,10.79,773.39,42615.73,47213.56,3365.89,45436.29,48543.12,25022.56,141685.0,660249.0,548373.0
2025-06-01,735.47,28.59,17.94,55.35,109.47,16.89,66.09,72.09,48.35,4.64,1866.78,9.23,752.37,41642.82,45486.06,2844.7,45179.31,47795.08,24981.86,138645.0,636337.0,511363.0
2025-07-01,702.78,31.59,17.84,55.69,112.9,17.58,65.57,71.72,65.54,2.47,2114.87,7.87,720.36,40115.71,43274.51,3012.14,42858.24,46321.37,22888.25,133120.0,647902.0,516368.0
2025-08-01,689.11,17.98,23.59,55.53,105.72,16.14,60.21,65.94,62.65,3.95,2332.98,10.04,705.25,39165.26,43099.33,3217.68,41821.76,45587.15,22770.09,130026.0,633505.0,522435.0
2025-09-01,707.03,32.8,26.02,55.82,97.41,14.48,60.9,69.47,68.35,3.14,2077.37,8.4,721.51,40277.82,43660.83,2970.9,42033.78,44095.51,21993.38,126057.0,677123.0,538371.0
